{
  "component": true,
  "usingComponents": {
    "t-button": "tdesign-miniprogram/button/button",
    "t-search": "tdesign-miniprogram/search/search",
    "t-tabs": "tdesign-miniprogram/tabs/tabs",
    "t-tab-panel": "tdesign-miniprogram/tab-panel/tab-panel",
    "t-input": "tdesign-miniprogram/input/input",
    "t-radio": "tdesign-miniprogram/radio/radio",
    "t-radio-group": "tdesign-miniprogram/radio-group/radio-group",
    "t-textarea": "tdesign-miniprogram/textarea/textarea",
    "t-message": "tdesign-miniprogram/message/message",
    "t-overlay": "tdesign-miniprogram/overlay/overlay",
    "t-upload": "tdesign-miniprogram/upload/upload",
    "t-icon": "tdesign-miniprogram/icon/icon"
  },
  "navigationBarTitleText": "问题反馈",
  "navigationBarBackgroundColor": "#ffffff",
  "navigationBarTextStyle": "black",
  "backgroundColor": "#ffffff"
}
